label,Episode,Season,ID,Date
0,The Gi,1,15,2018-08-17
1,The Diet,5,180,2018-08-24
2,The Signal,4,140,2018-08-31
3,The Hug,4,133,2018-09-14
4,The Promise,2,68,2018-09-21
5,The Downer,3,113,2018-09-28
6,The Slap,4,151,2018-10-05
7,The Curse,1,32,2018-10-12
8,The Roots,4,149,2018-10-19
9,The Meddler,1,34,2018-10-26
10,The Best,5,188,2018-11-02
11,The Bros,3,98,2018-11-16
12,The Finale,2,76,2018-11-23
13,The Fury,4,153,2018-11-30
14,The Internet,2,73,2018-12-07
15,The Others,4,120,2018-12-21
16,The Allergy,3,92,2018-12-28
17,The Society,3,109,2019-01-04
18,The Return,4,117,2019-01-11
19,The Sale,4,124,2019-01-18
20,The Debt,1,4,2019-01-25
21,The Procrastinators,3,95,2019-02-01
22,The Uncle,5,184,2019-02-08
23,The Bumpkin,2,53,2019-02-15
24,The Comic,4,129,2019-02-22
25,The Wicked,4,134,2019-03-01
26,The Apology,2,47,2019-03-08
27,The Flower,2,41,2019-03-15
28,The Nuisance,5,192,2019-03-22
29,The Castle,2,69,2019-03-29
30,The Nobody,3,112,2019-04-05
31,The Blame,4,150,2019-04-12
32,The Phone,2,43,2019-04-19
33,The Void,3,88,2019-04-26
34,The Painting,1,10,2019-05-03
35,The Safety,3,108,2019-05-10
36,The Money,3,116,2019-05-17
37,The Bet,2,50,2019-05-24
38,The Burden,3,97,2019-05-31
39,The Pressure,1,9,2019-06-14
40,The Saint,3,105,2019-06-21
41,The Crew,4,119,2019-06-28
42,The Origins: Part 1,4,136,2019-07-05
43,The Origins: Part 2,4,137,2019-07-05
44,The Founder,6,213,2019-07-13
45,The One,6,201,2019-07-19
46,The Job,2,44,2019-07-27
47,The Love,4,142,2019-08-02
48,The Dress,1,6,2019-08-09
49,The Party,1,17,2019-08-16
50,The Mothers,3,93,2019-08-23
51,The Ape,1,30,2019-08-31
52,The Boss,3,89,2019-09-06
53,The Question,3,103,2019-09-13
54,The Potion,6,216,2019-09-20
55,The Friend,3,106,2019-09-27
56,Halloween,2,45,2019-10-04
57,The Mirror,3,99,2019-10-11
58,The Scam,4,155,2019-10-18
59,The Ghouls,6,221,2019-10-25
60,The Car,1,31,2019-11-01
61,The Nest,4,144,2019-11-08
62,The Copycats,5,168,2019-11-15
63,The Goons,1,21,2019-11-22
64,The Refund,1,18,2019-11-29
65,The Date,1,27,2019-12-06
66,The Law,3,91,2019-12-13
67,Christmas,2,51,2019-12-21
68,The Uploads,4,131,2019-12-27
69,The Game,2,65,2020-01-03
70,The Lie,3,102,2020-01-11
71,The Vegging,6,200,2020-01-19
72,The Lesson,2,64,2020-01-25
73,The Pizza,3,101,2020-02-02
74,The Authourity,2,55,2020-02-08
75,The Matchmaker,5,172,2020-02-14
76,The Transformation,6,218,2020-02-22
77,The Banana,2,42,2020-02-29
78,The Understanding,6,219,2020-03-07
79,The Cringe,6,203,2020-03-14
80,The Misunderstandings,4,148,2020-03-20
81,The Parking,4,126,2020-03-27
82,The Hero,2,58,2020-04-04
83,The Weirdo,5,185,2020-04-11
84,The Worst,5,189,2020-05-02
85,The Rival,6,197,2020-05-08
86,The Responsible,1,2,2020-05-16
87,The Knights,2,39,2020-05-22
88,The Loophole,5,166,2020-05-29
89,The Picnic,1,20,2020-06-06
90,The Gift,4,125,2020-06-12
91,The Signature,4,121,2020-06-20
92,The Inquisition,6,244,2020-06-26
93,The Parasite,4,141,2020-07-03
94,The Line,5,193,2020-07-11
95,The Puppy,3,81,2020-07-17
96,The World,2,75,2020-07-31
97,The Heist,5,186,2020-08-07
98,The DVD,1,1,2020-08-22
99,The Man,3,100,2020-08-29
100,The Password,3,94,2020-09-05
101,The Detective,4,152,2020-09-12
102,The Robot,1,19,2020-09-19
103,The Ollie,5,175,2020-10-03
104,The Buddy,6,226,2020-10-10
105,The Joy,3,80,2020-10-23
106,The Puppets,5,196,2020-11-07
107,The Intelligence,6,215,2020-11-13
108,The Tape,2,71,2020-12-05
109,The Helmet,1,35,2020-12-12
110,The Pony,2,57,2020-12-19
111,The Vase,5,171,2020-12-26
112,The Disaster,4,156,2021-01-03
113,The Rerun,5,157,2021-01-03
114,The Parents,6,212,2021-01-09
115,The Ex,5,181,2021-20-20
116,The Menu,5,183,2021-03-19
117,The Egg,3,114,2021-03-27
118,The Quest,1,7,2021-05-14
119,The Shell,3,96,2021-05-22
120,The Awkwardness,4,143,2021-06-05
121,The End,1,5,2021-06-26
122,The Club,1,28,2021-07-03
123,The BFFS,6,239,2021-07-10
124,The Stars,5,178,2021-07-17
125,The Tag,2,62,2021-07-24
126,The Night,4,147,2021-07-30
127,The Father,6,202,2021-08-13
128,The Mustache,1,26,2021-09-04
129,The News,5,195,2021-09-19
